base_card_number,file_count,stems,image_paths
BT10-088,5,"['BT10-088', 'BT10-088_PR', 'BT10-088_PR2', 'BT10-088_PR3', 'BT10-088_PR4']","['F:\\Dragon-Ball-Masters-Arena-main\\Dragon-Ball-Masters-Arena-main\\assets\\BT10\\BT10-088.webp', 'F:\\Dragon-Ball-Masters-Arena-main\\Dragon-Ball-Masters-Arena-main\\assets\\BT10\\BT10-088_PR.webp', 'F:\\Dragon-Ball-Masters-Arena-main\\Dragon-Ball-Masters-Arena-main\\assets\\BT10\\BT10-088_PR2.webp', 'F:\\Dragon-Ball-Masters-Arena-main\\Dragon-Ball-Masters-Arena-main\\assets\\BT10\\BT10-088_PR3.webp', 'F:\\Dragon-Ball-Masters-Arena-main\\Dragon-Ball-Masters-Arena-main\\assets\\BT10\\BT10-088_PR4.webp']"
BT10-090,4,"['BT10-090', 'BT10-090_PR', 'BT10-090_PR2', 'BT10-090_PR3']","['F:\\Dragon-Ball-Masters-Arena-main\\Dragon-Ball-Masters-Arena-main\\assets\\BT10\\BT10-090.webp', 'F:\\Dragon-Ball-Masters-Arena-main\\Dragon-Ball-Masters-Arena-main\\assets\\BT10\\BT10-090_PR.webp', 'F:\\Dragon-Ball-Masters-Arena-main\\Dragon-Ball-Masters-Arena-main\\assets\\BT10\\BT10-090_PR2.webp', 'F:\\Dragon-Ball-Masters-Arena-main\\Dragon-Ball-Masters-Arena-main\\assets\\BT10\\BT10-090_PR3.webp']"
BT12-115,3,"['BT12-115', 'BT12-115_PR', 'BT12-115_PR2']","['F:\\Dragon-Ball-Masters-Arena-main\\Dragon-Ball-Masters-Arena-main\\assets\\BT12\\BT12-115.webp', 'F:\\Dragon-Ball-Masters-Arena-main\\Dragon-Ball-Masters-Arena-main\\assets\\BT12\\BT12-115_PR.webp', 'F:\\Dragon-Ball-Masters-Arena-main\\Dragon-Ball-Masters-Arena-main\\assets\\BT12\\BT12-115_PR2.webp']"
BT16-087,3,"['BT16-087', 'BT16-087_PR', 'BT16-087_PR2']","['F:\\Dragon-Ball-Masters-Arena-main\\Dragon-Ball-Masters-Arena-main\\assets\\BT16\\BT16-087.webp', 'F:\\Dragon-Ball-Masters-Arena-main\\Dragon-Ball-Masters-Arena-main\\assets\\BT16\\BT16-087_PR.webp', 'F:\\Dragon-Ball-Masters-Arena-main\\Dragon-Ball-Masters-Arena-main\\assets\\BT16\\BT16-087_PR2.webp']"
BT18-005,6,"['BT18-005', 'BT18-005_PR', 'BT18-005_PR2', 'BT18-005_PR3', 'BT18-005_PR4', 'BT18-005_PR5']","['F:\\Dragon-Ball-Masters-Arena-main\\Dragon-Ball-Masters-Arena-main\\assets\\BT18\\BT18-005.webp', 'F:\\Dragon-Ball-Masters-Arena-main\\Dragon-Ball-Masters-Arena-main\\assets\\BT18\\BT18-005_PR.webp', 'F:\\Dragon-Ball-Masters-Arena-main\\Dragon-Ball-Masters-Arena-main\\assets\\BT18\\BT18-005_PR2.webp', 'F:\\Dragon-Ball-Masters-Arena-main\\Dragon-Ball-Masters-Arena-main\\assets\\BT18\\BT18-005_PR3.webp', 'F:\\Dragon-Ball-Masters-Arena-main\\Dragon-Ball-Masters-Arena-main\\assets\\BT18\\BT18-005_PR4.webp', 'F:\\Dragon-Ball-Masters-Arena-main\\Dragon-Ball-Masters-Arena-main\\assets\\BT18\\BT18-005_PR5.webp']"
BT18-062,3,"['BT18-062', 'BT18-062_PR', 'BT18-062_PR2']","['F:\\Dragon-Ball-Masters-Arena-main\\Dragon-Ball-Masters-Arena-main\\assets\\BT18\\BT18-062.webp', 'F:\\Dragon-Ball-Masters-Arena-main\\Dragon-Ball-Masters-Arena-main\\assets\\BT18\\BT18-062_PR.webp', 'F:\\Dragon-Ball-Masters-Arena-main\\Dragon-Ball-Masters-Arena-main\\assets\\BT18\\BT18-062_PR2.webp']"
BT18-063,3,"['BT18-063', 'BT18-063_PR', 'BT18-063_PR2']","['F:\\Dragon-Ball-Masters-Arena-main\\Dragon-Ball-Masters-Arena-main\\assets\\BT18\\BT18-063.webp', 'F:\\Dragon-Ball-Masters-Arena-main\\Dragon-Ball-Masters-Arena-main\\assets\\BT18\\BT18-063_PR.webp', 'F:\\Dragon-Ball-Masters-Arena-main\\Dragon-Ball-Masters-Arena-main\\assets\\BT18\\BT18-063_PR2.webp']"
BT18-124,3,"['BT18-124', 'BT18-124_PR', 'BT18-124_PR2']","['F:\\Dragon-Ball-Masters-Arena-main\\Dragon-Ball-Masters-Arena-main\\assets\\BT18\\BT18-124.webp', 'F:\\Dragon-Ball-Masters-Arena-main\\Dragon-Ball-Masters-Arena-main\\assets\\BT18\\BT18-124_PR.webp', 'F:\\Dragon-Ball-Masters-Arena-main\\Dragon-Ball-Masters-Arena-main\\assets\\BT18\\BT18-124_PR2.webp']"
BT18-148,4,"['BT18-148', 'BT18-148_GDR', 'BT18-148_PR', 'BT18-148_PR2']","['F:\\Dragon-Ball-Masters-Arena-main\\Dragon-Ball-Masters-Arena-main\\assets\\BT18\\BT18-148.webp', 'F:\\Dragon-Ball-Masters-Arena-main\\Dragon-Ball-Masters-Arena-main\\assets\\BT18\\BT18-148_GDR.webp', 'F:\\Dragon-Ball-Masters-Arena-main\\Dragon-Ball-Masters-Arena-main\\assets\\BT18\\BT18-148_PR.webp', 'F:\\Dragon-Ball-Masters-Arena-main\\Dragon-Ball-Masters-Arena-main\\assets\\BT18\\BT18-148_PR2.webp']"
BT19-152,3,"['BT19-152', 'BT19-152_PR', 'BT19-152_PR2']","['F:\\Dragon-Ball-Masters-Arena-main\\Dragon-Ball-Masters-Arena-main\\assets\\BT19\\BT19-152.webp', 'F:\\Dragon-Ball-Masters-Arena-main\\Dragon-Ball-Masters-Arena-main\\assets\\BT19\\BT19-152_PR.webp', 'F:\\Dragon-Ball-Masters-Arena-main\\Dragon-Ball-Masters-Arena-main\\assets\\BT19\\BT19-152_PR2.webp']"
BT20-029,3,"['BT20-029', 'BT20-029_PR', 'BT20-029_PR2']","['F:\\Dragon-Ball-Masters-Arena-main\\Dragon-Ball-Masters-Arena-main\\assets\\BT20\\BT20-029.webp', 'F:\\Dragon-Ball-Masters-Arena-main\\Dragon-Ball-Masters-Arena-main\\assets\\BT20\\BT20-029_PR.webp', 'F:\\Dragon-Ball-Masters-Arena-main\\Dragon-Ball-Masters-Arena-main\\assets\\BT20\\BT20-029_PR2.webp']"
BT20-034,3,"['BT20-034', 'BT20-034_PR', 'BT20-034_PR2']","['F:\\Dragon-Ball-Masters-Arena-main\\Dragon-Ball-Masters-Arena-main\\assets\\BT20\\BT20-034.webp', 'F:\\Dragon-Ball-Masters-Arena-main\\Dragon-Ball-Masters-Arena-main\\assets\\BT20\\BT20-034_PR.webp', 'F:\\Dragon-Ball-Masters-Arena-main\\Dragon-Ball-Masters-Arena-main\\assets\\BT20\\BT20-034_PR2.webp']"
BT20-045,3,"['BT20-045', 'BT20-045_PR', 'BT20-045_PR2']","['F:\\Dragon-Ball-Masters-Arena-main\\Dragon-Ball-Masters-Arena-main\\assets\\BT20\\BT20-045.webp', 'F:\\Dragon-Ball-Masters-Arena-main\\Dragon-Ball-Masters-Arena-main\\assets\\BT20\\BT20-045_PR.webp', 'F:\\Dragon-Ball-Masters-Arena-main\\Dragon-Ball-Masters-Arena-main\\assets\\BT20\\BT20-045_PR2.webp']"
BT20-046,3,"['BT20-046', 'BT20-046_PR', 'BT20-046_PR2']","['F:\\Dragon-Ball-Masters-Arena-main\\Dragon-Ball-Masters-Arena-main\\assets\\BT20\\BT20-046.webp', 'F:\\Dragon-Ball-Masters-Arena-main\\Dragon-Ball-Masters-Arena-main\\assets\\BT20\\BT20-046_PR.webp', 'F:\\Dragon-Ball-Masters-Arena-main\\Dragon-Ball-Masters-Arena-main\\assets\\BT20\\BT20-046_PR2.webp']"
BT20-048,3,"['BT20-048', 'BT20-048_PR', 'BT20-048_PR2']","['F:\\Dragon-Ball-Masters-Arena-main\\Dragon-Ball-Masters-Arena-main\\assets\\BT20\\BT20-048.webp', 'F:\\Dragon-Ball-Masters-Arena-main\\Dragon-Ball-Masters-Arena-main\\assets\\BT20\\BT20-048_PR.webp', 'F:\\Dragon-Ball-Masters-Arena-main\\Dragon-Ball-Masters-Arena-main\\assets\\BT20\\BT20-048_PR2.webp']"
BT20-053,3,"['BT20-053', 'BT20-053_PR', 'BT20-053_PR2']","['F:\\Dragon-Ball-Masters-Arena-main\\Dragon-Ball-Masters-Arena-main\\assets\\BT20\\BT20-053.webp', 'F:\\Dragon-Ball-Masters-Arena-main\\Dragon-Ball-Masters-Arena-main\\assets\\BT20\\BT20-053_PR.webp', 'F:\\Dragon-Ball-Masters-Arena-main\\Dragon-Ball-Masters-Arena-main\\assets\\BT20\\BT20-053_PR2.webp']"
BT20-063,3,"['BT20-063', 'BT20-063_PR', 'BT20-063_PR2']","['F:\\Dragon-Ball-Masters-Arena-main\\Dragon-Ball-Masters-Arena-main\\assets\\BT20\\BT20-063.webp', 'F:\\Dragon-Ball-Masters-Arena-main\\Dragon-Ball-Masters-Arena-main\\assets\\BT20\\BT20-063_PR.webp', 'F:\\Dragon-Ball-Masters-Arena-main\\Dragon-Ball-Masters-Arena-main\\assets\\BT20\\BT20-063_PR2.webp']"
BT20-065,3,"['BT20-065', 'BT20-065_PR', 'BT20-065_PR2']","['F:\\Dragon-Ball-Masters-Arena-main\\Dragon-Ball-Masters-Arena-main\\assets\\BT20\\BT20-065.webp', 'F:\\Dragon-Ball-Masters-Arena-main\\Dragon-Ball-Masters-Arena-main\\assets\\BT20\\BT20-065_PR.webp', 'F:\\Dragon-Ball-Masters-Arena-main\\Dragon-Ball-Masters-Arena-main\\assets\\BT20\\BT20-065_PR2.webp']"
BT20-096,3,"['BT20-096', 'BT20-096_PR', 'BT20-096_PR2']","['F:\\Dragon-Ball-Masters-Arena-main\\Dragon-Ball-Masters-Arena-main\\assets\\BT20\\BT20-096.webp', 'F:\\Dragon-Ball-Masters-Arena-main\\Dragon-Ball-Masters-Arena-main\\assets\\BT20\\BT20-096_PR.webp', 'F:\\Dragon-Ball-Masters-Arena-main\\Dragon-Ball-Masters-Arena-main\\assets\\BT20\\BT20-096_PR2.webp']"
BT20-097,3,"['BT20-097', 'BT20-097_PR', 'BT20-097_PR2']","['F:\\Dragon-Ball-Masters-Arena-main\\Dragon-Ball-Masters-Arena-main\\assets\\BT20\\BT20-097.webp', 'F:\\Dragon-Ball-Masters-Arena-main\\Dragon-Ball-Masters-Arena-main\\assets\\BT20\\BT20-097_PR.webp', 'F:\\Dragon-Ball-Masters-Arena-main\\Dragon-Ball-Masters-Arena-main\\assets\\BT20\\BT20-097_PR2.webp']"
BT20-123,3,"['BT20-123', 'BT20-123_PR', 'BT20-123_PR2']","['F:\\Dragon-Ball-Masters-Arena-main\\Dragon-Ball-Masters-Arena-main\\assets\\BT20\\BT20-123.webp', 'F:\\Dragon-Ball-Masters-Arena-main\\Dragon-Ball-Masters-Arena-main\\assets\\BT20\\BT20-123_PR.webp', 'F:\\Dragon-Ball-Masters-Arena-main\\Dragon-Ball-Masters-Arena-main\\assets\\BT20\\BT20-123_PR2.webp']"
BT20-125,3,"['BT20-125', 'BT20-125_PR', 'BT20-125_PR2']","['F:\\Dragon-Ball-Masters-Arena-main\\Dragon-Ball-Masters-Arena-main\\assets\\BT20\\BT20-125.webp', 'F:\\Dragon-Ball-Masters-Arena-main\\Dragon-Ball-Masters-Arena-main\\assets\\BT20\\BT20-125_PR.webp', 'F:\\Dragon-Ball-Masters-Arena-main\\Dragon-Ball-Masters-Arena-main\\assets\\BT20\\BT20-125_PR2.webp']"
BT20-131,4,"['BT20-131', 'BT20-131_PR', 'BT20-131_PR2', 'BT20-131_PR3']","['F:\\Dragon-Ball-Masters-Arena-main\\Dragon-Ball-Masters-Arena-main\\assets\\BT20\\BT20-131.webp', 'F:\\Dragon-Ball-Masters-Arena-main\\Dragon-Ball-Masters-Arena-main\\assets\\BT20\\BT20-131_PR.webp', 'F:\\Dragon-Ball-Masters-Arena-main\\Dragon-Ball-Masters-Arena-main\\assets\\BT20\\BT20-131_PR2.webp', 'F:\\Dragon-Ball-Masters-Arena-main\\Dragon-Ball-Masters-Arena-main\\assets\\BT20\\BT20-131_PR3.webp']"
BT20-144,3,"['BT20-144', 'BT20-144_PR', 'BT20-144_PR2']","['F:\\Dragon-Ball-Masters-Arena-main\\Dragon-Ball-Masters-Arena-main\\assets\\BT20\\BT20-144.webp', 'F:\\Dragon-Ball-Masters-Arena-main\\Dragon-Ball-Masters-Arena-main\\assets\\BT20\\BT20-144_PR.webp', 'F:\\Dragon-Ball-Masters-Arena-main\\Dragon-Ball-Masters-Arena-main\\assets\\BT20\\BT20-144_PR2.webp']"
BT21-003,2,"['BT21-003', 'BT21-003_PR']","['F:\\Dragon-Ball-Masters-Arena-main\\Dragon-Ball-Masters-Arena-main\\assets\\BT21\\BT21-003.webp', 'F:\\Dragon-Ball-Masters-Arena-main\\Dragon-Ball-Masters-Arena-main\\assets\\BT21\\BT21-003_PR.webp']"
BT21-037,2,"['BT21-037', 'BT21-037_PR']","['F:\\Dragon-Ball-Masters-Arena-main\\Dragon-Ball-Masters-Arena-main\\assets\\BT21\\BT21-037.webp', 'F:\\Dragon-Ball-Masters-Arena-main\\Dragon-Ball-Masters-Arena-main\\assets\\BT21\\BT21-037_PR.webp']"
BT21-051,2,"['BT21-051', 'BT21-051_PR']","['F:\\Dragon-Ball-Masters-Arena-main\\Dragon-Ball-Masters-Arena-main\\assets\\BT21\\BT21-051.webp', 'F:\\Dragon-Ball-Masters-Arena-main\\Dragon-Ball-Masters-Arena-main\\assets\\BT21\\BT21-051_PR.webp']"
BT21-051S,1,['BT21-051_SPR'],['F:\\Dragon-Ball-Masters-Arena-main\\Dragon-Ball-Masters-Arena-main\\assets\\BT21\\BT21-051_SPR.webp']
BT21-069,2,"['BT21-069', 'BT21-069_PR']","['F:\\Dragon-Ball-Masters-Arena-main\\Dragon-Ball-Masters-Arena-main\\assets\\BT21\\BT21-069.webp', 'F:\\Dragon-Ball-Masters-Arena-main\\Dragon-Ball-Masters-Arena-main\\assets\\BT21\\BT21-069_PR.webp']"
BT21-103,2,"['BT21-103', 'BT21-103_PR']","['F:\\Dragon-Ball-Masters-Arena-main\\Dragon-Ball-Masters-Arena-main\\assets\\BT21\\BT21-103.webp', 'F:\\Dragon-Ball-Masters-Arena-main\\Dragon-Ball-Masters-Arena-main\\assets\\BT21\\BT21-103_PR.webp']"
BT21-104,2,"['BT21-104', 'BT21-104_PR']","['F:\\Dragon-Ball-Masters-Arena-main\\Dragon-Ball-Masters-Arena-main\\assets\\BT21\\BT21-104.webp', 'F:\\Dragon-Ball-Masters-Arena-main\\Dragon-Ball-Masters-Arena-main\\assets\\BT21\\BT21-104_PR.webp']"
BT22-035,2,"['BT22-035', 'BT22-035_PR']","['F:\\Dragon-Ball-Masters-Arena-main\\Dragon-Ball-Masters-Arena-main\\assets\\BT22\\BT22-035.webp', 'F:\\Dragon-Ball-Masters-Arena-main\\Dragon-Ball-Masters-Arena-main\\assets\\BT22\\BT22-035_PR.webp']"
BT29-48,1,['BT29-48'],['F:\\Dragon-Ball-Masters-Arena-main\\Dragon-Ball-Masters-Arena-main\\assets\\BT29\\BT29-48.webp']
BT30-001,1,['BT30-001'],['F:\\Dragon-Ball-Masters-Arena-main\\Dragon-Ball-Masters-Arena-main\\assets\\BT30\\BT30-001.webp']
BT30-001B,1,['BT30-001_b'],['F:\\Dragon-Ball-Masters-Arena-main\\Dragon-Ball-Masters-Arena-main\\assets\\BT30\\BT30-001_b.webp']
BT30-002,1,['BT30-002'],['F:\\Dragon-Ball-Masters-Arena-main\\Dragon-Ball-Masters-Arena-main\\assets\\BT30\\BT30-002.webp']
BT30-003,1,['BT30-003'],['F:\\Dragon-Ball-Masters-Arena-main\\Dragon-Ball-Masters-Arena-main\\assets\\BT30\\BT30-003.webp']
BT30-004,1,['BT30-004'],['F:\\Dragon-Ball-Masters-Arena-main\\Dragon-Ball-Masters-Arena-main\\assets\\BT30\\BT30-004.webp']
BT30-005,1,['BT30-005'],['F:\\Dragon-Ball-Masters-Arena-main\\Dragon-Ball-Masters-Arena-main\\assets\\BT30\\BT30-005.webp']
BT30-006,1,['BT30-006'],['F:\\Dragon-Ball-Masters-Arena-main\\Dragon-Ball-Masters-Arena-main\\assets\\BT30\\BT30-006.webp']
BT30-007,1,['BT30-007'],['F:\\Dragon-Ball-Masters-Arena-main\\Dragon-Ball-Masters-Arena-main\\assets\\BT30\\BT30-007.webp']
BT30-008,1,['BT30-008'],['F:\\Dragon-Ball-Masters-Arena-main\\Dragon-Ball-Masters-Arena-main\\assets\\BT30\\BT30-008.webp']
BT30-009,1,['BT30-009'],['F:\\Dragon-Ball-Masters-Arena-main\\Dragon-Ball-Masters-Arena-main\\assets\\BT30\\BT30-009.webp']
BT30-010,1,['BT30-010'],['F:\\Dragon-Ball-Masters-Arena-main\\Dragon-Ball-Masters-Arena-main\\assets\\BT30\\BT30-010.webp']
BT30-011,1,['BT30-011'],['F:\\Dragon-Ball-Masters-Arena-main\\Dragon-Ball-Masters-Arena-main\\assets\\BT30\\BT30-011.webp']
BT30-012,1,['BT30-012'],['F:\\Dragon-Ball-Masters-Arena-main\\Dragon-Ball-Masters-Arena-main\\assets\\BT30\\BT30-012.webp']
BT30-013,1,['BT30-013'],['F:\\Dragon-Ball-Masters-Arena-main\\Dragon-Ball-Masters-Arena-main\\assets\\BT30\\BT30-013.webp']
BT30-014,1,['BT30-014'],['F:\\Dragon-Ball-Masters-Arena-main\\Dragon-Ball-Masters-Arena-main\\assets\\BT30\\BT30-014.webp']
BT30-015,1,['BT30-015'],['F:\\Dragon-Ball-Masters-Arena-main\\Dragon-Ball-Masters-Arena-main\\assets\\BT30\\BT30-015.webp']
BT30-016,1,['BT30-016'],['F:\\Dragon-Ball-Masters-Arena-main\\Dragon-Ball-Masters-Arena-main\\assets\\BT30\\BT30-016.webp']
BT30-016B,1,['BT30-016_b'],['F:\\Dragon-Ball-Masters-Arena-main\\Dragon-Ball-Masters-Arena-main\\assets\\BT30\\BT30-016_b.webp']
BT30-017,1,['BT30-017'],['F:\\Dragon-Ball-Masters-Arena-main\\Dragon-Ball-Masters-Arena-main\\assets\\BT30\\BT30-017.webp']
BT30-017B,1,['BT30-017_b'],['F:\\Dragon-Ball-Masters-Arena-main\\Dragon-Ball-Masters-Arena-main\\assets\\BT30\\BT30-017_b.webp']
BT30-043,1,['BT30-043'],['F:\\Dragon-Ball-Masters-Arena-main\\Dragon-Ball-Masters-Arena-main\\assets\\BT30\\BT30-043.webp']
BT30-043B,1,['BT30-043_b'],['F:\\Dragon-Ball-Masters-Arena-main\\Dragon-Ball-Masters-Arena-main\\assets\\BT30\\BT30-043_b.webp']
BT30-044,1,['BT30-044'],['F:\\Dragon-Ball-Masters-Arena-main\\Dragon-Ball-Masters-Arena-main\\assets\\BT30\\BT30-044.webp']
BT30-044B,1,['BT30-044_b'],['F:\\Dragon-Ball-Masters-Arena-main\\Dragon-Ball-Masters-Arena-main\\assets\\BT30\\BT30-044_b.webp']
BT30-045,1,['BT30-045'],['F:\\Dragon-Ball-Masters-Arena-main\\Dragon-Ball-Masters-Arena-main\\assets\\BT30\\BT30-045.webp']
BT30-046,1,['BT30-046'],['F:\\Dragon-Ball-Masters-Arena-main\\Dragon-Ball-Masters-Arena-main\\assets\\BT30\\BT30-046.webp']
BT30-047,1,['BT30-047'],['F:\\Dragon-Ball-Masters-Arena-main\\Dragon-Ball-Masters-Arena-main\\assets\\BT30\\BT30-047.webp']
BT30-048,1,['BT30-048'],['F:\\Dragon-Ball-Masters-Arena-main\\Dragon-Ball-Masters-Arena-main\\assets\\BT30\\BT30-048.webp']
BT30-049,1,['BT30-049'],['F:\\Dragon-Ball-Masters-Arena-main\\Dragon-Ball-Masters-Arena-main\\assets\\BT30\\BT30-049.webp']
BT30-050,1,['BT30-050'],['F:\\Dragon-Ball-Masters-Arena-main\\Dragon-Ball-Masters-Arena-main\\assets\\BT30\\BT30-050.webp']
BT30-051,1,['BT30-051'],['F:\\Dragon-Ball-Masters-Arena-main\\Dragon-Ball-Masters-Arena-main\\assets\\BT30\\BT30-051.webp']
BT30-052,1,['BT30-052'],['F:\\Dragon-Ball-Masters-Arena-main\\Dragon-Ball-Masters-Arena-main\\assets\\BT30\\BT30-052.webp']
BT30-053,1,['BT30-053'],['F:\\Dragon-Ball-Masters-Arena-main\\Dragon-Ball-Masters-Arena-main\\assets\\BT30\\BT30-053.webp']
BT30-054,1,['BT30-054'],['F:\\Dragon-Ball-Masters-Arena-main\\Dragon-Ball-Masters-Arena-main\\assets\\BT30\\BT30-054.webp']
BT30-055,1,['BT30-055'],['F:\\Dragon-Ball-Masters-Arena-main\\Dragon-Ball-Masters-Arena-main\\assets\\BT30\\BT30-055.webp']
BT30-067,1,['BT30-067'],['F:\\Dragon-Ball-Masters-Arena-main\\Dragon-Ball-Masters-Arena-main\\assets\\BT30\\BT30-067.webp']
BT30-067B,1,['BT30-067_b'],['F:\\Dragon-Ball-Masters-Arena-main\\Dragon-Ball-Masters-Arena-main\\assets\\BT30\\BT30-067_b.webp']
BT30-068,1,['BT30-068'],['F:\\Dragon-Ball-Masters-Arena-main\\Dragon-Ball-Masters-Arena-main\\assets\\BT30\\BT30-068.webp']
BT30-069,1,['BT30-069'],['F:\\Dragon-Ball-Masters-Arena-main\\Dragon-Ball-Masters-Arena-main\\assets\\BT30\\BT30-069.webp']
BT30-070,1,['BT30-070'],['F:\\Dragon-Ball-Masters-Arena-main\\Dragon-Ball-Masters-Arena-main\\assets\\BT30\\BT30-070.webp']
BT30-071,1,['BT30-071'],['F:\\Dragon-Ball-Masters-Arena-main\\Dragon-Ball-Masters-Arena-main\\assets\\BT30\\BT30-071.webp']
BT30-072,1,['BT30-072'],['F:\\Dragon-Ball-Masters-Arena-main\\Dragon-Ball-Masters-Arena-main\\assets\\BT30\\BT30-072.webp']
BT30-073,1,['BT30-073'],['F:\\Dragon-Ball-Masters-Arena-main\\Dragon-Ball-Masters-Arena-main\\assets\\BT30\\BT30-073.webp']
BT30-074,1,['BT30-074'],['F:\\Dragon-Ball-Masters-Arena-main\\Dragon-Ball-Masters-Arena-main\\assets\\BT30\\BT30-074.webp']
BT30-075,1,['BT30-075'],['F:\\Dragon-Ball-Masters-Arena-main\\Dragon-Ball-Masters-Arena-main\\assets\\BT30\\BT30-075.webp']
BT30-076,1,['BT30-076'],['F:\\Dragon-Ball-Masters-Arena-main\\Dragon-Ball-Masters-Arena-main\\assets\\BT30\\BT30-076.webp']
BT30-077,1,['BT30-077'],['F:\\Dragon-Ball-Masters-Arena-main\\Dragon-Ball-Masters-Arena-main\\assets\\BT30\\BT30-077.webp']
BT30-078,1,['BT30-078'],['F:\\Dragon-Ball-Masters-Arena-main\\Dragon-Ball-Masters-Arena-main\\assets\\BT30\\BT30-078.webp']
BT30-079,1,['BT30-079'],['F:\\Dragon-Ball-Masters-Arena-main\\Dragon-Ball-Masters-Arena-main\\assets\\BT30\\BT30-079.webp']
BT30-081,1,['BT30-081'],['F:\\Dragon-Ball-Masters-Arena-main\\Dragon-Ball-Masters-Arena-main\\assets\\BT30\\BT30-081.webp']
BT30-081B,1,['BT30-081_b'],['F:\\Dragon-Ball-Masters-Arena-main\\Dragon-Ball-Masters-Arena-main\\assets\\BT30\\BT30-081_b.webp']
BT30-082,1,['BT30-082'],['F:\\Dragon-Ball-Masters-Arena-main\\Dragon-Ball-Masters-Arena-main\\assets\\BT30\\BT30-082.webp']
BT30-082B,1,['BT30-082_b'],['F:\\Dragon-Ball-Masters-Arena-main\\Dragon-Ball-Masters-Arena-main\\assets\\BT30\\BT30-082_b.webp']
BT30-083,1,['BT30-083'],['F:\\Dragon-Ball-Masters-Arena-main\\Dragon-Ball-Masters-Arena-main\\assets\\BT30\\BT30-083.webp']
BT30-084,1,['BT30-084'],['F:\\Dragon-Ball-Masters-Arena-main\\Dragon-Ball-Masters-Arena-main\\assets\\BT30\\BT30-084.webp']
BT30-085,1,['BT30-085'],['F:\\Dragon-Ball-Masters-Arena-main\\Dragon-Ball-Masters-Arena-main\\assets\\BT30\\BT30-085.webp']
BT30-086,1,['BT30-086'],['F:\\Dragon-Ball-Masters-Arena-main\\Dragon-Ball-Masters-Arena-main\\assets\\BT30\\BT30-086.webp']
BT30-087,1,['BT30-087'],['F:\\Dragon-Ball-Masters-Arena-main\\Dragon-Ball-Masters-Arena-main\\assets\\BT30\\BT30-087.webp']
BT30-088,1,['BT30-088'],['F:\\Dragon-Ball-Masters-Arena-main\\Dragon-Ball-Masters-Arena-main\\assets\\BT30\\BT30-088.webp']
BT30-089,1,['BT30-089'],['F:\\Dragon-Ball-Masters-Arena-main\\Dragon-Ball-Masters-Arena-main\\assets\\BT30\\BT30-089.webp']
BT30-090,1,['BT30-090'],['F:\\Dragon-Ball-Masters-Arena-main\\Dragon-Ball-Masters-Arena-main\\assets\\BT30\\BT30-090.webp']
BT30-091,1,['BT30-091'],['F:\\Dragon-Ball-Masters-Arena-main\\Dragon-Ball-Masters-Arena-main\\assets\\BT30\\BT30-091.webp']
BT30-092,1,['BT30-092'],['F:\\Dragon-Ball-Masters-Arena-main\\Dragon-Ball-Masters-Arena-main\\assets\\BT30\\BT30-092.webp']
BT30-093,1,['BT30-093'],['F:\\Dragon-Ball-Masters-Arena-main\\Dragon-Ball-Masters-Arena-main\\assets\\BT30\\BT30-093.webp']
BT30-094,1,['BT30-094'],['F:\\Dragon-Ball-Masters-Arena-main\\Dragon-Ball-Masters-Arena-main\\assets\\BT30\\BT30-094.webp']
BT30-095,1,['BT30-095'],['F:\\Dragon-Ball-Masters-Arena-main\\Dragon-Ball-Masters-Arena-main\\assets\\BT30\\BT30-095.webp']
BT30-096,1,['BT30-096'],['F:\\Dragon-Ball-Masters-Arena-main\\Dragon-Ball-Masters-Arena-main\\assets\\BT30\\BT30-096.webp']
BT30-097,1,['BT30-097'],['F:\\Dragon-Ball-Masters-Arena-main\\Dragon-Ball-Masters-Arena-main\\assets\\BT30\\BT30-097.webp']
BT30-098,1,['BT30-098'],['F:\\Dragon-Ball-Masters-Arena-main\\Dragon-Ball-Masters-Arena-main\\assets\\BT30\\BT30-098.webp']
BT30-099,1,['BT30-099'],['F:\\Dragon-Ball-Masters-Arena-main\\Dragon-Ball-Masters-Arena-main\\assets\\BT30\\BT30-099.webp']
BT30-100,1,['BT30-100'],['F:\\Dragon-Ball-Masters-Arena-main\\Dragon-Ball-Masters-Arena-main\\assets\\BT30\\BT30-100.webp']
BT30-101,1,['BT30-101'],['F:\\Dragon-Ball-Masters-Arena-main\\Dragon-Ball-Masters-Arena-main\\assets\\BT30\\BT30-101.webp']
BT30-102,1,['BT30-102'],['F:\\Dragon-Ball-Masters-Arena-main\\Dragon-Ball-Masters-Arena-main\\assets\\BT30\\BT30-102.webp']
BT30-103,1,['BT30-103'],['F:\\Dragon-Ball-Masters-Arena-main\\Dragon-Ball-Masters-Arena-main\\assets\\BT30\\BT30-103.webp']
BT30-104,1,['BT30-104'],['F:\\Dragon-Ball-Masters-Arena-main\\Dragon-Ball-Masters-Arena-main\\assets\\BT30\\BT30-104.webp']
BT30-105,1,['BT30-105'],['F:\\Dragon-Ball-Masters-Arena-main\\Dragon-Ball-Masters-Arena-main\\assets\\BT30\\BT30-105.webp']
BT30-106,1,['BT30-106'],['F:\\Dragon-Ball-Masters-Arena-main\\Dragon-Ball-Masters-Arena-main\\assets\\BT30\\BT30-106.webp']
BT30-107,1,['BT30-107'],['F:\\Dragon-Ball-Masters-Arena-main\\Dragon-Ball-Masters-Arena-main\\assets\\BT30\\BT30-107.webp']
BT30-107B,1,['BT30-107_b'],['F:\\Dragon-Ball-Masters-Arena-main\\Dragon-Ball-Masters-Arena-main\\assets\\BT30\\BT30-107_b.webp']
BT30-108,1,['BT30-108'],['F:\\Dragon-Ball-Masters-Arena-main\\Dragon-Ball-Masters-Arena-main\\assets\\BT30\\BT30-108.webp']
BT30-108B,1,['BT30-108_b'],['F:\\Dragon-Ball-Masters-Arena-main\\Dragon-Ball-Masters-Arena-main\\assets\\BT30\\BT30-108_b.webp']
BT30-151,1,['BT30-151'],['F:\\Dragon-Ball-Masters-Arena-main\\Dragon-Ball-Masters-Arena-main\\assets\\BT30\\BT30-151.webp']
BT4-107,3,"['BT4-107', 'BT4-107_PR', 'BT4-107_PR2']","['F:\\Dragon-Ball-Masters-Arena-main\\Dragon-Ball-Masters-Arena-main\\assets\\BT4\\BT4-107.webp', 'F:\\Dragon-Ball-Masters-Arena-main\\Dragon-Ball-Masters-Arena-main\\assets\\BT4\\BT4-107_PR.webp', 'F:\\Dragon-Ball-Masters-Arena-main\\Dragon-Ball-Masters-Arena-main\\assets\\BT4\\BT4-107_PR2.webp']"
BT8-022,2,"['BT8-022', 'BT8-022_PR']","['F:\\Dragon-Ball-Masters-Arena-main\\Dragon-Ball-Masters-Arena-main\\assets\\BT8\\BT8-022.webp', 'F:\\Dragon-Ball-Masters-Arena-main\\Dragon-Ball-Masters-Arena-main\\assets\\BT8\\BT8-022_PR.webp']"
BT8-022S,1,['BT8-022_SPR'],['F:\\Dragon-Ball-Masters-Arena-main\\Dragon-Ball-Masters-Arena-main\\assets\\BT8\\BT8-022_SPR.webp']
P-453,3,"['P-453', 'P-453_PR', 'P-453_PR2']","['F:\\Dragon-Ball-Masters-Arena-main\\Dragon-Ball-Masters-Arena-main\\assets\\PromotionCards\\P-453.webp', 'F:\\Dragon-Ball-Masters-Arena-main\\Dragon-Ball-Masters-Arena-main\\assets\\PromotionCards\\P-453_PR.webp', 'F:\\Dragon-Ball-Masters-Arena-main\\Dragon-Ball-Masters-Arena-main\\assets\\PromotionCards\\P-453_PR2.webp']"
P-723,1,['P-723'],['F:\\Dragon-Ball-Masters-Arena-main\\Dragon-Ball-Masters-Arena-main\\assets\\PromotionCards\\P-723.webp']
P-724,1,['P-724'],['F:\\Dragon-Ball-Masters-Arena-main\\Dragon-Ball-Masters-Arena-main\\assets\\PromotionCards\\P-724.webp']
P-725,1,['P-725'],['F:\\Dragon-Ball-Masters-Arena-main\\Dragon-Ball-Masters-Arena-main\\assets\\PromotionCards\\P-725.webp']
P-726,1,['P-726'],['F:\\Dragon-Ball-Masters-Arena-main\\Dragon-Ball-Masters-Arena-main\\assets\\PromotionCards\\P-726.webp']
P-727,1,['P-727'],['F:\\Dragon-Ball-Masters-Arena-main\\Dragon-Ball-Masters-Arena-main\\assets\\PromotionCards\\P-727.webp']
P-728,2,"['P-728', 'P-728_PR']","['F:\\Dragon-Ball-Masters-Arena-main\\Dragon-Ball-Masters-Arena-main\\assets\\PromotionCards\\P-728.webp', 'F:\\Dragon-Ball-Masters-Arena-main\\Dragon-Ball-Masters-Arena-main\\assets\\PromotionCards\\P-728_PR.webp']"
P-729,2,"['P-729', 'P-729_PR']","['F:\\Dragon-Ball-Masters-Arena-main\\Dragon-Ball-Masters-Arena-main\\assets\\PromotionCards\\P-729.webp', 'F:\\Dragon-Ball-Masters-Arena-main\\Dragon-Ball-Masters-Arena-main\\assets\\PromotionCards\\P-729_PR.webp']"
P-730,1,['P-730'],['F:\\Dragon-Ball-Masters-Arena-main\\Dragon-Ball-Masters-Arena-main\\assets\\PromotionCards\\P-730.webp']
P-731,1,['P-731'],['F:\\Dragon-Ball-Masters-Arena-main\\Dragon-Ball-Masters-Arena-main\\assets\\PromotionCards\\P-731.webp']
P-732,1,['P-732'],['F:\\Dragon-Ball-Masters-Arena-main\\Dragon-Ball-Masters-Arena-main\\assets\\PromotionCards\\P-732.webp']
P-733,1,['P-733'],['F:\\Dragon-Ball-Masters-Arena-main\\Dragon-Ball-Masters-Arena-main\\assets\\PromotionCards\\P-733.webp']
P-734,2,"['P-734', 'P-734_PR']","['F:\\Dragon-Ball-Masters-Arena-main\\Dragon-Ball-Masters-Arena-main\\assets\\PromotionCards\\P-734.webp', 'F:\\Dragon-Ball-Masters-Arena-main\\Dragon-Ball-Masters-Arena-main\\assets\\PromotionCards\\P-734_PR.webp']"
P-735,1,['P-735'],['F:\\Dragon-Ball-Masters-Arena-main\\Dragon-Ball-Masters-Arena-main\\assets\\PromotionCards\\P-735.webp']
P-736,1,['P-736'],['F:\\Dragon-Ball-Masters-Arena-main\\Dragon-Ball-Masters-Arena-main\\assets\\PromotionCards\\P-736.webp']
P-737,1,['P-737'],['F:\\Dragon-Ball-Masters-Arena-main\\Dragon-Ball-Masters-Arena-main\\assets\\PromotionCards\\P-737.webp']
P-738,2,"['P-738', 'P-738_PR']","['F:\\Dragon-Ball-Masters-Arena-main\\Dragon-Ball-Masters-Arena-main\\assets\\PromotionCards\\P-738.webp', 'F:\\Dragon-Ball-Masters-Arena-main\\Dragon-Ball-Masters-Arena-main\\assets\\PromotionCards\\P-738_PR.webp']"
